,index,username,to,text,sentiment,retweets,favorites,replies,id,permalink,author_id,date,formatted_date,mentions,hashtags,urls,hashtag,short_date
19693,84569,CaliLiliIndies,CaliLiliIndies,"#4the9thï¿½ï¿½ï¿½ï¿½ï¿½ï¿½ï¿½ï¿½ï¿½ 
#SundayMusicï¿½ï¿½ï¿½ï¿½ï¿½ï¿½ï¿½ï¿½ï¿½ï¿½ï¿½ï¿½ï¿½ï¿½ï¿½ï¿½ï¿½ï¿½ï¿½ï¿½ï¿½ï¿½ï¿½ï¿½ï¿½ï¿½ï¿½ï¿½ï¿½ï¿½ï¿½ï¿½ï¿½ï¿½ï¿½ï¿½ï¿½ï¿½ï¿½ï¿½ï¿½ï¿½ï¿½ï¿½ï¿½ï¿½ï¿½ï¿½ï¿½ï¿½ï¿½ï¿½ï¿½ï¿½ï¿½ï¿½ï¿½ï¿½ï¿½ï¿½ï¿½ï¿½ï¿½ï¿½ï¿½ï¿½ï¿½ï¿½ï¿½ï¿½ï¿½ï¿½ï¿½ï¿½ï¿½ï¿½ï¿½ï¿½ï¿½ï¿½ï¿½  #n",0,0,0,-1,1.16E+18,https://twitter.com/CaliLiliIndies/status/1155526553637466112,594100783,2019-07-28 17:12:53+00:00,Sun Jul 28 17:12:53 +0000 2019,,#4the9th #SundayMusic #neworleans #jazz #billieholiday #langstonhughes #harlem #trayvon #sandrabland #tamirrice #flint #PuertoRico #KidsInCages #WomensRights #BLM #LGBTQIA #cleanair #cleanwater #science #Oceans #CoralReefs #ClimateCrisis,https://t.co/vYJIDvTZbn,#blm,7/28/2019
6713,29403,BLM_Report,,DJ Khaled And John Legend Pay Tribute To Nipsey Hussle On 'SNL': https://t.co/0BTmSIgeJW #BLM #blacklivesmatter #BLMNews https://t.co/n77bYGliov,0,0,0,-1,1.13E+18,https://twitter.com/BLM_Report/status/1130222119521062913,7.78E+17,2019-05-19 21:22:06+00:00,Sun May 19 21:22:06 +0000 2019,,#BLM #blacklivesmatter #BLMNews,https://t.co/0BTmSIgeJW,#blm,5/19/2019
7167,29859,DrLindaShelton,,#ArrestThugPolice #PoliceBrutality Retrain #police trainers Civilian oversight #PoliceReform STOP #ExcessiveForce #VoteBlueNoMatterWhat2020 #AARP #p2 #1u #Veterans #MeToo #Millenials #GenX #MarchForOurLives #BLM #Latinx #CAIR #DACA #Refugees #indigenous  DECENCY #BIDEN2020 https://t.co/xwChBuMvQC,-1,0,0,-1,1.13E+18,https://twitter.com/DrLindaShelton/status/1131228064246095872,44983352,2019-05-22 15:59:22+00:00,Wed May 22 15:59:22 +0000 2019,,#ArrestThugPolice #PoliceBrutality #police #PoliceReform #ExcessiveForce #VoteBlueNoMatterWhat2020 #AARP #p2 #1u #Veterans #MeToo #Millenials #GenX #MarchForOurLives #BLM #Latinx #CAIR #DACA #Refugees #indigenous #BIDEN2020,https://t.co/xwChBuMvQC,#blm,5/22/2019
17837,74817,BLM_Report,,"Beyoncï¿½ï¿½ï¿½ï¿½ï¿½ï¿½ Talks About the Making of ï¿½ï¿½ï¿½ï¿½ï¿½ï¿½ï¿½ï¿½ï¿½The Lion Kingï¿½ï¿½ï¿½ï¿½ï¿½ï¿½ï¿½ï¿½ï¿½ Soundtrack, Experimenting With a New Genre: https://t.co/qr",0,0,0,-1,1.15E+18,https://twitter.com/BLM_Report/status/1151584252309528583,7.78E+17,2019-07-17 20:07:35+00:00,Wed Jul 17 20:07:35 +0000 2019,,#BLM #blacklivesmatter #BLMNews,https://t.co/qrADjPhcPe,#blm,7/17/2019
17064,74032,CaliLiliIndies,CaliLiliIndies,"@LeslieMac @TheWayWithAnoa @traceyecorder @MsPeoples @ChanelleHelm DaysOfeVeï¿½ï¿½ï¿½ï¿½ï¿½ï¿½ï¿½ï¿½ï¿½ï¿½ï¿½ï¿½ï¿½ï¿½ï¿½ï¿½ï¿½ï¿½ï¿½ï¿½ï¿½ï¿½ï¿½ï¿½ï¿½ï¿½ï¿½TaoOfeVeï¿½ï¿½ï¿½ï¿½ï¿½ï¿½ï¿½ï¿½ï¿½ 
#ClimateChangeï¿½ï¿½ï¿½ï¿½ï¿½ï¿½ï¿½ï¿½ï¿½ï¿½ï¿½ï¿½ï¿½ï¿½ï¿½ï¿½ï¿½ï¿½ï¿½ï¿½ï¿½ï¿½ï¿½ï¿½ï¿½ï¿½ï¿½ï¿½ï¿½ï¿½ï¿½ï¿½ï¿½ï¿½ï¿½ï¿½ï¿½ï¿½ï¿½ï¿½ï¿½ï¿½ï¿½ï¿½ï¿½ï¿½ï¿½ï¿½ï¿½ï¿½ï¿½
#Oceansï¿½ï¿½ï¿½ï¿½ï¿½ï¿½ï",0,0,0,-1,1.15E+18,https://twitter.com/CaliLiliIndies/status/1150302950729740288,594100783,2019-07-14 07:16:09+00:00,Sun Jul 14 07:16:09 +0000 2019,LeslieMac TheWayWithAnoa traceyecorder MsPeoples ChanelleHelm,#ClimateChange #Oceans #Peace #Roe #Pride #TheLWord #WOC #BLM #Inclusion #ThisFemaleIsNotYetRated,https://t.co/r7hwds7iDs https://t.co/cLRvSOk0gy https://t.co/9NHCWmeUe7,#blm,7/14/2019
6487,29177,DrLindaShelton,,DEPORT MELANIA &amp; her chain migration parents #VoteBlueNoMatterWhat2020 DENOUNCE Lies &amp; Hate #AARP #p2 #1u #Veterans #MeToo #Millenials #GenX #MarchForOurLives #BLM #Latinx #CAIR #DACA #Refugees #indigenous #immigrants https://t.co/xEZaZ8sdsK,-1,0,1,-1,1.13E+18,https://twitter.com/DrLindaShelton/status/1129572747984687105,44983352,2019-05-18 02:21:44+00:00,Sat May 18 02:21:44 +0000 2019,,#VoteBlueNoMatterWhat2020 #AARP #p2 #1u #Veterans #MeToo #Millenials #GenX #MarchForOurLives #BLM #Latinx #CAIR #DACA #Refugees #indigenous #immigrants,https://t.co/xEZaZ8sdsK,#blm,5/18/2019
15305,63989,Rmullins8,,"Abducted New Jersey man, 20, found dead in garage with bag over head https://t.co/Fhd8lJhSzZ #FoxNews  #BLM sad story here. whats the press release?",-1,0,0,-1,1.15E+18,https://twitter.com/Rmullins8/status/1146588193963290624,9.54E+17,2019-07-04 01:15:02+00:00,Thu Jul 04 01:15:02 +0000 2019,,#FoxNews #BLM,https://t.co/Fhd8lJhSzZ,#blm,7/4/2019
25419,104750,artisticbecky66,TalbertSwan,@TalbertSwan These are their excuses for murdering us!!!!#BLM #BlackLivesMatter #BlackLove #PoliceBrutality #policereform https://t.co/CrSX5szmIx,-1,0,0,-1,1.17E+18,https://twitter.com/artisticbecky66/status/1166842279182721024,107865147,2019-08-28 22:37:32+00:00,Wed Aug 28 22:37:32 +0000 2019,TalbertSwan,#BLM #BlackLivesMatter #BlackLove #PoliceBrutality #policereform,,#blm,8/28/2019
26870,111799,BHM_Pirate,,#ImpeachTrumpNow #AMJoy #BlackTwitter #BLM #BuzzFeed #CNN #DailyBeast #Democrat #Family #HuffPost #LGBTQ  #MSNBC #MAGA #NowThis #NPR #Salon #TeenVogue #TheRoot #TYT #InfoWars https://t.co/Eq1JsKwjl8 https://t.co/B7BafX2wSt,0,0,0,-1,1.17E+18,https://twitter.com/BHM_Pirate/status/1170381880325267456,591589116,2019-09-07 17:02:39+00:00,Sat Sep 07 17:02:39 +0000 2019,,#ImpeachTrumpNow #AMJoy #BlackTwitter #BLM #BuzzFeed #CNN #DailyBeast #Democrat #Family #HuffPost #LGBTQ #MSNBC #MAGA #NowThis #NPR #Salon #TeenVogue #TheRoot #TYT #InfoWars,https://t.co/Eq1JsKwjl8,#blm,9/7/2019
29576,124407,OG_Bobii,jemelehill,@jemelehill Iï¿½ï¿½ï¿½ï¿½ï¿½ï¿½ï¿½ï¿½ï¿½d knee,0,0,0,-1,1.18E+18,https://twitter.com/OG_Bobii/status/1177558695028383744,237507527,2019-09-27 12:20:45+00:00,Fri Sep 27 12:20:45 +0000 2019,jemelehill,#BLM,,#blm,9/27/2019
15743,68155,abferri,JackPosobiec,"@JackPosobiec @SharNeal SOOOOOOOOOOOOOOOO, #Antifa is infiltrated with #BLM????  Sounds like it to me...ALL ANARCHISTS.",-1,1,0,-1,1.15E+18,https://twitter.com/abferri/status/1147637418675359745,624001614,2019-07-06 22:44:17+00:00,Sat Jul 06 22:44:17 +0000 2019,JackPosobiec SharNeal,#Antifa #BLM,,#blm,7/6/2019
25253,104584,TuxcedoCat,,Republicans want us to ï¿½ï¿½ï¿½ï¿½ï¿½ï¿½ï¿½ï¿½ï¿½get over slaveryï¿½ï¿½ï¿½ï¿½ï¿½ï¿½ï¿½ï¿½ï¿½ but they canï¿½ï¿½ï¿½ï¿½ï¿½ï¿½ï¿½ï¿½ï¿½t ge,-1,8,14,-1,1.17E+18,https://twitter.com/TuxcedoCat/status/1166499422819082240,558251172,2019-08-27 23:55:09+00:00,Tue Aug 27 23:55:09 +0000 2019,,#1619Project #TYTlive #BLM,,#blm,8/27/2019
23116,95690,Flicksterific,,#STFU45* #FreePress #FuckingMORON #VOID2016Election #Enough #IndictFox  #MurderusMAGAts #Unhackthevote #KochSuckers #BLM #Dictasters #LiberateLimu https://t.co/F6NQCd2xGU,0,0,2,-1,1.16E+18,https://twitter.com/Flicksterific/status/1161491221426122753,26077011,2019-08-14 04:14:21+00:00,Wed Aug 14 04:14:21 +0000 2019,,#STFU45 #FreePress #FuckingMORON #VOID2016Election #Enough #IndictFox #MurderusMAGAts #Unhackthevote #KochSuckers #BLM #Dictasters #LiberateLimu,https://t.co/F6NQCd2xGU,#blm,8/14/2019
19439,84309,Angelofmine715,K_Beasty,@K_Beasty Itï¿½ï¿½ï¿½ï¿½ï¿½ï¿½ï¿½ï¿½ï¿½s especially important to emphasize that black lives matter because there are some people in this world who think if you are brown or black you are less than and you are less deserving of simple human rights. All lives matter of course but the world,0,0,1,-1,1.15E+18,https://twitter.com/Angelofmine715/status/1154830011767119874,8.79E+17,2019-07-26 19:05:05+00:00,Fri Jul 26 19:05:05 +0000 2019,K_Beasty,#BLM,,#blm,7/26/2019
6629,29319,ltecato,,"#gunsense #2ainfanticide #blm #arkansas An extremely late-term #abortion that the pro-gun ""pro-lifers"" will ignore  https://t.co/1HDAr6k4WP",0,0,0,-1,1.13E+18,https://twitter.com/ltecato/status/1130138303146221569,469908168,2019-05-19 15:49:03+00:00,Sun May 19 15:49:03 +0000 2019,,#gunsense #2ainfanticide #blm #arkansas #abortion,https://t.co/1HDAr6k4WP,#blm,5/19/2019
31624,135591,Cult_Of_Freedom,,Thereï¿½ï¿½ï¿½ï¿½ï¿½ï¿½ï¿½ï¿½ï¿½s got to be a change in policing in America.,-1,0,0,-1,1.18E+18,https://twitter.com/Cult_Of_Freedom/status/1183833730982526976,2402770273,2019-10-14 19:55:30+00:00,Mon Oct 14 19:55:30 +0000 2019,,#AtatianaJefferson #BLM,,#blm,10/14/2019
31666,135634,ladyscribe21,,"Atatiana Jefferson was a year younger than me and loved to read as a kid, just like me. She had a father and stepmother who loved her, just like me. She played video games, just like me. #SayHerName #BLM https://t.co/WROidCmSiT",0,2,1,-1,1.18E+18,https://twitter.com/ladyscribe21/status/1183837288679133184,163329006,2019-10-14 20:09:38+00:00,Mon Oct 14 20:09:38 +0000 2019,,#SayHerName #BLM,https://t.co/WROidCmSiT,#blm,10/14/2019
27037,111968,AntiRacismTv,,#SelfDetermination #BLM #OWS #OCCUPY https://t.co/rA1Ukku0Ha,0,0,0,-1,1.17E+18,https://twitter.com/AntiRacismTv/status/1170534114451230721,18366405,2019-09-08 03:07:35+00:00,Sun Sep 08 03:07:35 +0000 2019,,#SelfDetermination #BLM #OWS #OCCUPY,https://t.co/rA1Ukku0Ha,#blm,9/8/2019
6397,29086,DrLindaShelton,ChrisEvans,@ChrisEvans @khankiso All of these rabid a**h**** should be banned from social media #VoteBlueNoMatterWhat2020 DENOUNCE Lies &amp; Hate #AARP #p2 #1u #Veterans #MeToo #Millenials #GenX #MarchForOurLives #BLM #Latinx #CAIR #DACA #Refugees #indigenous #immigrants DECENCY Pres should B example not degenerate,-1,0,1,-1,1.13E+18,https://twitter.com/DrLindaShelton/status/1129752190191640582,44983352,2019-05-18 14:14:46+00:00,Sat May 18 14:14:46 +0000 2019,ChrisEvans khankiso,#VoteBlueNoMatterWhat2020 #AARP #p2 #1u #Veterans #MeToo #Millenials #GenX #MarchForOurLives #BLM #Latinx #CAIR #DACA #Refugees #indigenous #immigrants,,#blm,5/18/2019
10447,45261,VaughanPappy,wickdchiq,@wickdchiq so many of these cases. So. Damn. Many. #racism #hate #injustice #blm https://t.co/gd3y1v2LK6,-1,2,1,-1,1.14E+18,https://twitter.com/VaughanPappy/status/1138050195613278208,278123988,2019-06-10 11:48:05+00:00,Mon Jun 10 11:48:05 +0000 2019,wickdchiq,#racism #hate #injustice #blm,https://t.co/gd3y1v2LK6,#blm,6/10/2019
12304,53554,BHM_Pirate,BHM_Pirate,#AMJoy #BlackTwitter #BLM #BuzzFeed #CNN #DailyBeast #Democrat #Family #HuffPost #LGBTQ  #MSNBC #MAGA #NowThis #NPR #TeenVogue #TheRoot #TYT https://t.co/Qv7h6zPKcd,0,0,0,-1,1.14E+18,https://twitter.com/BHM_Pirate/status/1140822765001420801,591589116,2019-06-18 03:25:17+00:00,Tue Jun 18 03:25:17 +0000 2019,,#AMJoy #BlackTwitter #BLM #BuzzFeed #CNN #DailyBeast #Democrat #Family #HuffPost #LGBTQ #MSNBC #MAGA #NowThis #NPR #TeenVogue #TheRoot #TYT,,#blm,6/18/2019
13853,59113,LacedStormzz,,Yo BLM(bot lives matter)#BLM letï¿½ï¿½ï¿½ï¿½ï¿½ï¿½ï¿½ï¿½ï¿½s get this trending @Symfuhny @FaZe_H1ghSk,0,0,0,-1,1.14E+18,https://twitter.com/LacedStormzz/status/1144010813348438017,8.02E+17,2019-06-26 22:33:27+00:00,Wed Jun 26 22:33:27 +0000 2019,Symfuhny FaZe_H1ghSky1 liljarviss TSM_Myth,#BLM,,#blm,6/26/2019
23443,99999,sexhealthsex,,"ýýýýýýýýýýýýýýýýýýýýýýýýýýýýýý
#History ýýýý
#Cointelpro ýýýý

#IronFist #WhiteSupremacy #BLM #FridayReads https://t.co/WuIWvfXsn0",0,0,0,-1,1.16E+18,https://twitter.com/sexhealthsex/status/1162469813861724161,170774834,2019-08-16 21:02:55+00:00,Fri Aug 16 21:02:55 +0000 2019,,#History #Cointelpro #IronFist #WhiteSupremacy #BLM #FridayReads,https://t.co/WuIWvfXsn0,#blm,8/16/2019
10004,44816,BLM_Report,,D.C. Bill Would Make Go-Go The 'Official Music' Of The Gentrifying District: https://t.co/xEjWcjsFGO #BLM #blacklivesmatter #BLMNews https://t.co/gCHR4x4jTW,0,0,0,-1,1.14E+18,https://twitter.com/BLM_Report/status/1137036615287738370,7.78E+17,2019-06-07 16:40:28+00:00,Fri Jun 07 16:40:28 +0000 2019,,#BLM #blacklivesmatter #BLMNews,https://t.co/xEjWcjsFGO,#blm,6/7/2019
23151,95725,BadTwitBot,,"Before we know it the #neonazis will ban the names ""Cosby"" and ""Lee"". #BLM will punch anyone with those names.",-1,0,0,-1,1.16E+18,https://twitter.com/BadTwitBot/status/1161810060621885440,9.19E+17,2019-08-15 01:21:18+00:00,Thu Aug 15 01:21:18 +0000 2019,,#neonazis #BLM,,#blm,8/15/2019
9557,39606,SharonKyle00,,#Repost #SocialJustice #ProgressivePolitics #DemocraticSocialist #BLM #Resistance #RacialJustice #MoralMovement #CivilLiberties #FBR #MeToo #Gaza #NetNeutrality #HealthcareForAll  #PoorPeoplesCampaign #Resist #ImpeachTrump #TrustBlackWomen #NoBanNoWall #ï¿½ï¿½ï¿½ï¿½ï¿½ï¿½ï¿½ï¿½ï¿½ https://t.co/mFFMFnhMhd,0,3,4,-1,1.14E+18,https://twitter.com/SharonKyle00/status/1135815312207753216,16795628,2019-06-04 07:47:27+00:00,Tue Jun 04 07:47:27 +0000 2019,,#Repost #SocialJustice #ProgressivePolitics #DemocraticSocialist #BLM #Resistance #RacialJustice #MoralMovement #CivilLiberties #FBR #MeToo #Gaza #NetNeutrality #HealthcareForAll #PoorPeoplesCampaign #Resist #ImpeachTrump #TrustBlackWomen #NoBanNoWall,https://t.co/mFFMFnhMhd,#blm,6/4/2019
271,2983,PeasantTheory,trayjay67,"@trayjay67 @TalbertSwan Retweet #BLM

US Dec/Independence declared police murders of citizens
warranted independence &amp; war (if needed)

""For  protecting them, by a mock Trial from punishment for any Murders which they should commit on the Inhabitants of these States""

#ReadTheDoc
https://t.co/4hgGIhJSd5",0,1,1,-1,1.12E+18,https://twitter.com/PeasantTheory/status/1117208636189601793,584240578,2019-04-13 23:31:10+00:00,Sat Apr 13 23:31:10 +0000 2019,trayjay67 TalbertSwan,#BLM #ReadTheDoc,https://t.co/4hgGIhJSd5,#blm,4/13/2019
31906,135880,Tanksleyd,,"The Americans left so quickly 
The Russians were surprised 
To find at abandoned bases 
The Americans left behind 
Their Coke-a-Cola bottles
.
#DemocraticDebate 
.
 #BLM",0,0,0,-1,1.18E+18,https://twitter.com/Tanksleyd/status/1184412478333243392,56212637,2019-10-16 10:15:14+00:00,Wed Oct 16 10:15:14 +0000 2019,,#DemocraticDebate #BLM,,#blm,10/16/2019
9950,40000,BLMbetting,,If there is runs today you would think these 4 will be amongst them! (Insert obvious sandpaper joke here) #AUSvWI #CWC2019 #MicksCricket #BLM #BLMbetting https://t.co/rbRHUqyEy0,0,0,0,-1,1.14E+18,https://twitter.com/BLMbetting/status/1136559880968519681,1.12E+18,2019-06-06 09:06:06+00:00,Thu Jun 06 09:06:06 +0000 2019,,#AUSvWI #CWC2019 #MicksCricket #BLM #BLMbetting,,#blm,6/6/2019
28115,115888,CaliLiliIndies,CaliLiliIndies,"@CoryBooker #InHardTimesï¿½ï¿½ï¿½ï¿½ï¿½ï¿½ #calililiï¿½ï¿½ï¿½ï¿½ï¿½ï¿½ï¿½ï¿½ï¿½ï¿½ï¿½ï¿½ï¿½ï¿½ï¿½ï¿½ï¿½ï¿½ï¿½ï¿½ï¿½
#Anthem 4 #NOH8 = #CHOICE #DemocracyIsAVerb #SCOTUS4ThePeople 
#ProtestSong
#ProtestAnthem
#Kavanaugh
#KidsinCages
#BLM
#ProChoice
#womensrights
#ClimateChange
#LGBTQrights 
#L",0,3,1,-1,1.17E+18,https://twitter.com/CaliLiliIndies/status/1173397826350567430,594100783,2019-09-16 00:46:57+00:00,Mon Sep 16 00:46:57 +0000 2019,CoryBooker,#InHardTimes #calilili #Anthem #NOH8 #CHOICE #DemocracyIsAVerb #SCOTUS4ThePeople #ProtestSong #ProtestAnthem #Kavanaugh #KidsinCages #BLM #ProChoice #womensrights #ClimateChange #LGBTQrights #LGBTQueens #Girls #LGBTQforum #InHardTimesSong,https://t.co/ebBcKNsarP,#blm,9/16/2019
2584,12539,susieshoes,,This is heartbreaking and disgusting brutality ï¿½ï¿½ï¿½ï¿½ï¿½ï¿½ï¿½ï¿½ï¿½ï¿½ï¿,-1,0,2,-1,1.12E+18,https://twitter.com/susieshoes/status/1122100135310299136,25676112,2019-04-27 11:28:14+00:00,Sat Apr 27 11:28:14 +0000 2019,,#BLM,https://t.co/y8NWjZBOLT,#blm,4/27/2019
9877,39927,OurRev310,,"The only significant differences between Martin Luther King's economic initiatives  and Bernie's @SenSanders' is Bernie's not motivated by God and not of African descent.

   #WOKE

   #PoliticalRevolution
   #NotMeUs

#MLK / #ADOS / #CBC #NAACP / #CORE / #SNCC / #BLM https://t.co/t8vRSSkf6B",0,2,2,-1,1.14E+18,https://twitter.com/OurRev310/status/1136459247485685763,2514058751,2019-06-06 02:26:13+00:00,Thu Jun 06 02:26:13 +0000 2019,SenSanders,#WOKE #PoliticalRevolution #NotMeUs #MLK #ADOS #CBC #NAACP #CORE #SNCC #BLM,,#blm,6/6/2019
6938,29629,L4c0n1k,,"Je dirai plutï¿½ï¿½ï¿½ï¿½ï¿½ï¿½t que lï¿½ï¿½ï¿½ï¿½ï¿½ï¿½ï¿½ï¿½ï¿½euro nï¿½ï¿½ï¿½ï¿½ï¿½ï¿½ï¿½ï¿½ï¿½a jamais ï¿½ï¿½ï¿½ï¿½ï¿½ï¿½tï¿½ï¿½ï¿½ï¿½ï¿½ï¿½ aussi menaï¿½ï¿½ï¿½ï¿½ï¿½ï¿½ant pour notre ï¿½ï¿½ï¿½ï¿½ï¿½ï¿½conomie et notre developpement. 

Dï¿½ï¿½ï¿½ï¿½ï¿½ï¿½ployer une politique monï¿½ï¿½ï¿",0,1,3,-1,1.13E+18,https://twitter.com/L4c0n1k/status/1130826317769924608,9.88E+17,2019-05-21 13:22:58+00:00,Tue May 21 13:22:58 +0000 2019,,#BLM #26mai2019 #LREM,https://t.co/iFqE7frO9D,#blm,5/21/2019
26126,108311,twistertitr,,"#TN #WV #LA #ME #TX #AR #MT #WY #IA #CO #SC #MS #AZ #KY #GA #ID #KS #SD #NB #AK #NC #NJ #DE #IL #AL #MA #OR #MI #RI #NH 
#Women #GOPWomen #Indie #Dems #Students #Millennials #BLM #Latinos #Asian #Vets #LGBTQ #CountryOverParty #TakeBackAmerica #Patriots #VoteBlue20 #FF RT ï¿½ï¿½ï¿½ï¿½ï¿½ï¿½ï¿½ï¿½ï¿½ï¿½ï¿½ï¿½",0,0,0,-1,1.17E+18,https://twitter.com/twistertitr/status/1168574478361726976,28201999,2019-09-02 17:20:41+00:00,Mon Sep 02 17:20:41 +0000 2019,,#TN #WV #LA #ME #TX #AR #MT #WY #IA #CO #SC #MS #AZ #KY #GA #ID #KS #SD #NB #AK #NC #NJ #DE #IL #AL #MA #OR #MI #RI #NH #Women #GOPWomen #Indie #Dems #Students #Millennials #BLM #Latinos #Asian #Vets #LGBTQ #CountryOverParty #TakeBackAmerica #Patriots #VoteBlue20 #FF,https://t.co/2IsbsKtt6a,#blm,9/2/2019
4347,17900,JoshthePagan,,This is why Kap kneeled and why #BLM began. https://t.co/odwhzvQQhZ,0,0,3,-1,1.13E+18,https://twitter.com/JoshthePagan/status/1125857825010475008,448124008,2019-05-07 20:19:57+00:00,Tue May 07 20:19:57 +0000 2019,,#BLM,https://t.co/odwhzvQQhZ,#blm,5/7/2019
22045,90671,Freedom4Horses,,They also are removing too many wild horses from public lands because private interests like cattle ranching organizations demand it. This creates a surplus of wild horses in government pens and they get funneled to slaughter. That is bad management. #wildhorses #BLM #government https://t.co/2xJkoW9Z1V,-1,10,5,-1,1.16E+18,https://twitter.com/Freedom4Horses/status/1159301312804081664,2253244260,2019-08-08 03:12:26+00:00,Thu Aug 08 03:12:26 +0000 2019,,#wildhorses #BLM #government,https://t.co/2xJkoW9Z1V,#blm,8/8/2019
12196,53445,BLM_Report,,ýýýI Didnýýýt Listenýýý: Lamar Odom Reveals the Advice Jay-Z Gave Him that He Failed to Take: https://t.co/Db7m0aX1yN #BLM #blacklivesmatter #BLMNews https://t.co/7pKwmvAQQf,0,0,0,-1,1.14E+18,https://twitter.com/BLM_Report/status/1141012368346030080,7.78E+17,2019-06-18 15:58:42+00:00,Tue Jun 18 15:58:42 +0000 2019,,#BLM #blacklivesmatter #BLMNews,https://t.co/Db7m0aX1yN,#blm,6/18/2019
20841,89452,BHM_Pirate,,"#americanhorrorstory: Oh, #lenadunham won't lose any jobs and still scream Orange Man Sexist! #ToxicFeminism #HimToo #AHS #AMJoy #BlackTwitter #BLM #BuzzFeed #CNN #DailyBeast #Democrat #Family #HuffPost #LGBTQ  #MSNBC #MAGA #NowThis #NPR #Salon #TeenVogue #TheRoot #TYT https://t.co/okZegSKSIf",-1,0,0,-1,1.16E+18,https://twitter.com/BHM_Pirate/status/1157121524240793600,591589116,2019-08-02 02:50:44+00:00,Fri Aug 02 02:50:44 +0000 2019,,#americanhorrorstory #lenadunham #ToxicFeminism #HimToo #AHS #AMJoy #BlackTwitter #BLM #BuzzFeed #CNN #DailyBeast #Democrat #Family #HuffPost #LGBTQ #MSNBC #MAGA #NowThis #NPR #Salon #TeenVogue #TheRoot #TYT,,#blm,8/2/2019
1793,8495,GoCrazieDuke1,,"Man killed during officer-involved shooting had extensive arrest record
https://t.co/rLJ6qt3Pep Iï¿½ï¿½ï¿½ï¿½ï¿½ï¿½ï¿½ï¿½ï¿½m curious about this. Why are there no protest or people even mentioning this officer involved shooting?I think we all know why. I guess #BLM are the only lives ",-1,0,1,-1,1.12E+18,https://twitter.com/GoCrazieDuke1/status/1120343537856471041,52172194,2019-04-22 15:08:09+00:00,Mon Apr 22 15:08:09 +0000 2019,,#BLM,https://t.co/rLJ6qt3Pep,#blm,4/22/2019
15050,63730,BHM_Pirate,,#AMJoy #BlackTwitter #BLM #BuzzFeed #CNN #DailyBeast #Democrat #Family #HuffPost #LGBTQ  #MSNBC #MAGA #NowThis #NPR #TeenVogue #TheRoot #TYT https://t.co/8i6lqwrrOr,0,0,0,-1,1.15E+18,https://twitter.com/BHM_Pirate/status/1146184826732654592,591589116,2019-07-02 22:32:12+00:00,Tue Jul 02 22:32:12 +0000 2019,,#AMJoy #BlackTwitter #BLM #BuzzFeed #CNN #DailyBeast #Democrat #Family #HuffPost #LGBTQ #MSNBC #MAGA #NowThis #NPR #TeenVogue #TheRoot #TYT,https://t.co/8i6lqwrrOr,#blm,7/2/2019
9699,39749,twistertitr,,"#Indivisible  #TheResistance 
#PA #VA  #TX #MS #LA #FL #GA #SC #NC #MN #MI #ME #OH #KY #TN #AZ #NV #CA #WA #CO #OK #MO #WY #SD #ND #IL #NJ #NY #Women #GOPWomen #Indie #Dems #Students #Millennials #BLM #Asian #Latinos #Vets #LGBT  #TakeBackAmerica #Str8BlueTicket ï¿½ï¿½ï¿½ï¿½ï¿½ï¿½ï¿½ï¿½ï¿½ï¿½ï¿½ï¿½ï¿½ï",0,0,0,-1,1.14E+18,https://twitter.com/twistertitr/status/1136366695663230976,28201999,2019-06-05 20:18:27+00:00,Wed Jun 05 20:18:27 +0000 2019,,#Indivisible #TheResistance #PA #VA #TX #MS #LA #FL #GA #SC #NC #MN #MI #ME #OH #KY #TN #AZ #NV #CA #WA #CO #OK #MO #WY #SD #ND #IL #NJ #NY #Women #GOPWomen #Indie #Dems #Students #Millennials #BLM #Asian #Latinos #Vets #LGBT #TakeBackAmerica #Str8BlueTicket #FF,https://t.co/vLgf0sV1uB,#blm,6/5/2019
27207,112138,FibonacciBlue,,Protest march for Brian Quinones enters highway 494 https://t.co/7lw8P8ZEGo #BrianQuinones #BlackLivesMatter #BLM https://t.co/4ZIeo3xQUS,0,1,0,-1,1.17E+18,https://twitter.com/FibonacciBlue/status/1170931793211613184,89068314,2019-09-09 05:27:49+00:00,Mon Sep 09 05:27:49 +0000 2019,,#BrianQuinones #BlackLivesMatter #BLM,https://t.co/7lw8P8ZEGo,#blm,9/9/2019
2513,12466,KayShineSantana,,"#BLM Invading ATL @KavonAhmad x its_oochie Single Release xsatl #CertifiedSundays Presented By #PartyWitCertifiedDream &amp; #TeamCertifiedï¿½ï¿½ï¿½ï¿½ï¿½ï¿½ï¿½ï¿½ï¿½ï¿½ï¿½ï¿½ï¿½ï¿½ï¿½ï¿½ï¿½ï¿½Everybody Free Until 1amï¿½ï¿½ï",0,0,0,-1,1.12E+18,https://twitter.com/KayShineSantana/status/1121867106876661760,2541348783,2019-04-26 20:02:16+00:00,Fri Apr 26 20:02:16 +0000 2019,,#BLM #CertifiedSundays #PartyWitCertifiedDream #TeamCertified,https://t.co/DAFZu01mrS,#blm,4/26/2019
15966,68381,ChrisPounds7,,Donald's Demeaning Diatribes Demanding Demigod Distinctions Deridingly Downgrades US @POTUS @GeorgeTakei @ewarren @KamalaHarris #AmericansForImpeachment  #FBR #BLM #LGBTQ #Unity #Tï¿½ï¿½ï¿½ï¿½ï¿½ï¿½ï¿½ï¿½ï¿,-1,0,0,-1,1.15E+18,https://twitter.com/ChrisPounds7/status/1148247893196677120,8.14E+17,2019-07-08 15:10:05+00:00,Mon Jul 08 15:10:05 +0000 2019,POTUS GeorgeTakei ewarren KamalaHarris,#AmericansForImpeachment #FBR #BLM #LGBTQ #Unity #T,,#blm,7/8/2019
3464,13425,rouxbenCR,EQUIPTO,@EQUIPTO ï¿½ï¿½ï¿½ï¿½ï¿½ï¿½ï¿½ï¿½ï¿½#BLM but SHOOT the Bayview gets great weather! And only 700K fo,1,0,0,-1,1.12E+18,https://twitter.com/rouxbenCR/status/1124063228135452676,2935473242,2019-05-02 21:28:52+00:00,Thu May 02 21:28:52 +0000 2019,EQUIPTO,#BLM,,#blm,5/2/2019
29969,124806,backroads_linda,,"I don't know if I was right but I'm really glad she's been convicted &amp; yes, the fact this was allowed will definitely significantly decrease her appeal options! #BLM #JusticeForBothamJean 
https://t.co/aA44JMDFBG https://t.co/FXzJwcUW8m",1,0,0,-1,1.18E+18,https://twitter.com/backroads_linda/status/1179069369596416005,446522112,2019-10-01 16:23:38+00:00,Tue Oct 01 16:23:38 +0000 2019,,#BLM #JusticeForBothamJean,https://t.co/aA44JMDFBG https://t.co/FXzJwcUW8m,#blm,10/1/2019
22177,94743,AnimalsHaveValu,,"No Killing #Wolves On / Near Public Lands: Federal, State, Parks &amp; #BLM in USA - Sign the Petition! https://t.co/cDqKINc7Lh via @Change",0,2,2,-1,1.16E+18,https://twitter.com/AnimalsHaveValu/status/1159889029531176962,490638911,2019-08-09 18:07:48+00:00,Fri Aug 09 18:07:48 +0000 2019,Change,#Wolves #BLM,https://t.co/cDqKINc7Lh,#blm,8/9/2019
24202,100766,LisaP1234,,"#WhereAreTheKidsInCagesNow?  
#BringBackOurGirls #BLM #TimesUp #NeverAgain #DisabledRights #StopTheBans #AnimalRights #ImpeachTrumpNow 
#SilenceEqualsCompliance",0,2,0,-1,1.16E+18,https://twitter.com/LisaP1234/status/1163652650589511680,286012611,2019-08-20 03:23:06+00:00,Tue Aug 20 03:23:06 +0000 2019,,#WhereAreTheKidsInCagesNow #BringBackOurGirls #BLM #TimesUp #NeverAgain #DisabledRights #StopTheBans #AnimalRights #ImpeachTrumpNow #SilenceEqualsCompliance,,#blm,8/20/2019
5948,24803,reneevgibson,iam_danalena,@iam_danalena What a jerk. Another deplorable Trumpster. ï¿½ï¿½ï¿½ï¿½ï¿½ï¿½ï¿½ï¿½ï¿½ï¿½ï¿½ï¿½ï¿½ï¿½ï¿½ï¿½ï¿½ï¿½ï¿½ï¿½ï¿½ï¿,-1,0,0,-1,1.13E+18,https://twitter.com/reneevgibson/status/1128834559699824646,8.35E+17,2019-05-16 01:28:26+00:00,Thu May 16 01:28:26 +0000 2019,iam_danalena,#BLM #MeToo,,#blm,5/16/2019
32214,142003,Aimee_Arti,DNC,"@DNC this is why the left is leaving in droves. The corporate Democrats say #BLM #BlackLivesMatter but do NOTHING to change anything, and promote, condone, &amp; participate in structural racism while calling for everyone to accept incremental changes. https://t.co/LbHU6vuMet",-1,0,0,-1,1.19E+18,https://twitter.com/Aimee_Arti/status/1185294558097227783,958223216,2019-10-18 20:40:19+00:00,Fri Oct 18 20:40:19 +0000 2019,DNC,#BLM #BlackLivesMatter,https://t.co/LbHU6vuMet,#blm,10/18/2019
6625,29315,BigBrotherNut,cajun4trump,@Cajun_Chick_25 #BLM trash love violence against police.,-1,0,0,-1,1.13E+18,https://twitter.com/BigBrotherNut/status/1130123025809117184,53648074,2019-05-19 14:48:20+00:00,Sun May 19 14:48:20 +0000 2019,,#BLM,,#blm,5/19/2019
23087,95661,Hlth_Literacy,,Book - No Jim Crow Church: The Origins of South Carolina's Bahï¿½ï¿½ï¿½ï¿½ï¿½ï¿½'ï¿½ï¿½ï¿½ï¿½ï¿½ï¿½ Community https://t.co/vepUNKyaZl HT @floridapr,0,0,0,-1,1.16E+18,https://twitter.com/Hlth_Literacy/status/1161760674965590022,77314206,2019-08-14 22:05:04+00:00,Wed Aug 14 22:05:04 +0000 2019,floridapress,#BLM,https://t.co/vepUNKyaZl,#blm,8/14/2019
31912,135886,BHM_Pirate,,Hong Kong Demonstrators Trample and Burn LeBron James Jerseys https://t.co/NLKSb8FHCK via @BreitbartNews #AMJoy #BlackTwitter #BLM #BuzzFeed #CNN #DailyBeast #Democrat #Family #HuffPost #LGBTQ  #MSNBC #MAGA #NowThis #NPR #Salon #TeenVogue #TheRoot #TYT #InfoWars,0,0,0,-1,1.18E+18,https://twitter.com/BHM_Pirate/status/1184432897220120577,591589116,2019-10-16 11:36:23+00:00,Wed Oct 16 11:36:23 +0000 2019,BreitbartNews,#AMJoy #BlackTwitter #BLM #BuzzFeed #CNN #DailyBeast #Democrat #Family #HuffPost #LGBTQ #MSNBC #MAGA #NowThis #NPR #Salon #TeenVogue #TheRoot #TYT #InfoWars,https://t.co/NLKSb8FHCK,#blm,10/16/2019
29213,119807,BLM_Report,,"LeBron Jamesï¿½ï¿½ï¿½ï¿½ï¿½ï¿½ï¿½ï¿½ï¿½ High School Jersey Up for Auction, Expected to Sell for Hundreds of Thousands: https://t.co/LJYGMffTEH #BLM #blacklivesmatter #BLMNews",0,0,0,-1,1.18E+18,https://twitter.com/BLM_Report/status/1176200264375832577,7.78E+17,2019-09-23 18:22:50+00:00,Mon Sep 23 18:22:50 +0000 2019,,#BLM #blacklivesmatter #BLMNews,https://t.co/LJYGMffTEH,#blm,9/23/2019
14563,63240,duracelqc,wvjoe911,"@wvjoe911 @Mediaite You see how easy it is for a republican to disregard everyone's civil liberties, but theirs the laws must be respected. We need for all groups: #BLM #MarchForOurLives #MeToo #EnoughIsEnough #UnitedBlue #TheResistance #Womenagainstviolence #TheYearOfTheWomen #youngscientist #TeenU",0,12,41,-1,1.15E+18,https://twitter.com/duracelqc/status/1145356543166164993,127209068,2019-06-30 15:40:54+00:00,Sun Jun 30 15:40:54 +0000 2019,wvjoe911 Mediaite,#BLM #MarchForOurLives #MeToo #EnoughIsEnough #UnitedBlue #TheResistance #Womenagainstviolence #TheYearOfTheWomen #youngscientist #TeenU,,#blm,6/30/2019
2777,12734,DrLindaShelton,,W supremacist domestic terrorism is a natl emergency #BanAR15 &amp; similar weapons #LicenseGuns #FlipTheSenate 2020 #AARP #BLM #veterans #p2 #1u #Millennials #METOO #MarchForOurLives #DACA #TeaParty #LGBTQ #Latinx #indigenous DENOUNCE Lies &amp; Hate #VoteBlueNoMatterWhat Decency https://t.co/b3NmmNu9j6,0,1,1,-1,1.12E+18,https://twitter.com/DrLindaShelton/status/1122593892556333057,44983352,2019-04-28 20:10:15+00:00,Sun Apr 28 20:10:15 +0000 2019,,#BanAR15 #LicenseGuns #FlipTheSenate #AARP #BLM #veterans #p2 #1u #Millennials #METOO #MarchForOurLives #DACA #TeaParty #LGBTQ #Latinx #indigenous #VoteBlueNoMatterWhat,https://t.co/b3NmmNu9j6,#blm,4/28/2019
27042,111973,minotauresse,pulte,"@pulte I donï¿½ï¿½ï¿½ï¿½ï¿½ï¿½ï¿½ï¿½ï¿½t have much but give a little to save our #WildHorses who are being targeted for removal and #slaughter from our #publiclands by #BLM even though legally protected. There are others trying to save them too, some dedicate their lives to getting them o",-1,1,3,-1,1.17E+18,https://twitter.com/minotauresse/status/1170532297331945472,145752172,2019-09-08 03:00:21+00:00,Sun Sep 08 03:00:21 +0000 2019,pulte,#WildHorses #slaughter #publiclands #BLM #killpens,,#blm,9/8/2019
26976,111907,BLM_Report,,ýýýGorgeousýýý: La La Anthony Fans Go Gaga After She Switches Her Hair Color: https://t.co/byGgvDhZ3n #BLM #blacklivesmatter #BLMNews https://t.co/dYNfOgfxIa,1,0,0,-1,1.17E+18,https://twitter.com/BLM_Report/status/1170723005628125195,7.78E+17,2019-09-08 15:38:10+00:00,Sun Sep 08 15:38:10 +0000 2019,,#BLM #blacklivesmatter #BLMNews,https://t.co/byGgvDhZ3n,#blm,9/8/2019
7489,33884,DrLindaShelton,cspan,@cspan @KellyannePolls @SpeakerPelosi U deserve that treatment-She's number 2 in line 4 President- You're nothing but a liar&amp;lap dog 2 #DonTheDementedCon #VoteBlueNoMatterWhat2020 STOP Lies Greed&amp;Hate #AARP #p2 #1u #Veterans #MeToo #Millenials #GenX #MarchForOurLives #BLM #Latinx #CAIR #DACA #indigenous UNITY DECENCY,-1,0,2,-1,1.13E+18,https://twitter.com/DrLindaShelton/status/1131741387299405824,44983352,2019-05-24 01:59:08+00:00,Fri May 24 01:59:08 +0000 2019,cspan KellyannePolls SpeakerPelosi,#DonTheDementedCon #VoteBlueNoMatterWhat2020 #AARP #p2 #1u #Veterans #MeToo #Millenials #GenX #MarchForOurLives #BLM #Latinx #CAIR #DACA #indigenous,,#blm,5/24/2019
24310,100874,DonTochillo,,#Indigenous #NativeTwitter #TAIRP #WeAreStillHere #MMIWG #MMNAWG #MTAW #MoreThanAWord #LGBTQ #BLM #FlintWaterCrisis #NavajoWaterCrisis #MaunaKea #IStandWithMaunaKea #ProtectMaunaKea #StandWithMaunaKea #WeAreMaunaKea #YellowRedBrownBlackUniteï¿½ï¿½ï¿½ï¿½ï¿½ï¿½ï¿½ï¿½ï¿½ï¿½ï¿½ï¿½ï¿½ï¿½ï¿½ï¿,0,0,0,-1,1.16E+18,https://twitter.com/DonTochillo/status/1164249036104192001,2365949540,2019-08-21 18:52:55+00:00,Wed Aug 21 18:52:55 +0000 2019,,#Indigenous #NativeTwitter #TAIRP #WeAreStillHere #MMIWG #MMNAWG #MTAW #MoreThanAWord #LGBTQ #BLM #FlintWaterCrisis #NavajoWaterCrisis #MaunaKea #IStandWithMaunaKea #ProtectMaunaKea #StandWithMaunaKea #WeAreMaunaKea #YellowRedBrownBlackUnite,https://t.co/RDav0HfPVF,#blm,8/21/2019
28860,119448,twistertitr,,"#OR #ID #MT #WY #SD #NE #MN #MI #IL #KY #WV #VA #PA #DE #NJ #RI #MA #ME #NH #CO #KS #AZ #NM #TX #OK #AR #TN #NC #SC #LA #MS #AL #GA #Women #GOPWomen #Indie #Dems #Vets  #Students #Millennials #BLM
Late  @SenJohnMcCain   Conts. 2B a hero ; Via , Family #FF https://t.co/0aaouPEpOJ",0,0,0,-1,1.18E+18,https://twitter.com/twistertitr/status/1175192072405561349,28201999,2019-09-20 23:36:38+00:00,Fri Sep 20 23:36:38 +0000 2019,SenJohnMcCain,#OR #ID #MT #WY #SD #NE #MN #MI #IL #KY #WV #VA #PA #DE #NJ #RI #MA #ME #NH #CO #KS #AZ #NM #TX #OK #AR #TN #NC #SC #LA #MS #AL #GA #Women #GOPWomen #Indie #Dems #Vets #Students #Millennials #BLM #FF,https://t.co/0aaouPEpOJ,#blm,9/20/2019
30020,124859,CTSVideoMag,,#AmberGuyer is found guilty of murder in the shooting death of #BothamJean ï¿½ï¿½ï¿½ï¿½ï¿½ï¿½ï¿½ï¿½ï¿½ #CNN #NBC #CBS #NYC #BLM #Police #MSNBC #NYC #LA #MTV,-1,0,0,-1,1.18E+18,https://twitter.com/CTSVideoMag/status/1179122346629554176,1027384394,2019-10-01 19:54:09+00:00,Tue Oct 01 19:54:09 +0000 2019,,#AmberGuyer #BothamJean #CNN #NBC #CBS #NYC #BLM #Police #MSNBC #NYC #LA #MTV,,#blm,10/1/2019
18071,75053,DaLeewoke,,"You build an All Girl School in Africa, but studies show a larger impact if a Coed institution was created. @oprah 
The only Institution, your helping is that of Racism.
.
.
#blm
#art #blackcelebs
#hiphopmusicï¿½ï¿½ï¿½ï¿½ï¿½ï¿½ï¿½ï¿½ï¿½",-1,0,0,-1,1.15E+18,https://twitter.com/DaLeewoke/status/1151909655859384320,2542802983,2019-07-18 17:40:38+00:00,Thu Jul 18 17:40:38 +0000 2019,Oprah,#blm #art #blackcelebs #hiphopmusic,https://t.co/gtNgvBJ0SO,#blm,7/18/2019
18567,79414,pebblestrong,pebblestrong,"more important than that, the non-black churches DID NOT speak about the injustices happening around us. #BLM , police brutality, discrimination...they just ignored it.

there has never been an incentive for me to ever go, even for NOLA.",-1,0,0,-1,1.15E+18,https://twitter.com/pebblestrong/status/1153000326049361920,66465286,2019-07-21 17:54:34+00:00,Sun Jul 21 17:54:34 +0000 2019,,#BLM,,#blm,7/21/2019
11216,46040,CaliLiliIndies,BillGates,"@BillGates @jack Naivete Not Wanted
#PublicService 
#ReclaimingOurTime 
' #History Won't Silence #HERstory #GlobalFRATpartyï¿½ï¿½ï¿½ï¿½ï¿½ï¿½ï¿½ï¿½ï¿½OVER 'ï¿½ï¿½ï¿½ï¿½ï¿½ï¿½
#ElectionTrain
#DemocracyIsAVerb 
#LGBTQ
#wokeaf
#pride
#WOC
#BLM 
#climatechange
#shethepeople 
#Roeï¿½ï¿½ï¿½ï¿½ï¿½ï¿½ï¿½ï¿½",0,1,1,-1,1.14E+18,https://twitter.com/CaliLiliIndies/status/1139048894489288705,594100783,2019-06-13 05:56:33+00:00,Thu Jun 13 05:56:33 +0000 2019,BillGates jack,#PublicService #ReclaimingOurTime #History #HERstory #GlobalFRATparty #ElectionTrain #DemocracyIsAVerb #LGBTQ #wokeaf #pride #WOC #BLM #climatechange #shethepeople #Roe #TheNewDDay,https://t.co/PvJWzhW9RX,#blm,6/13/2019
2956,12913,twistertitr,,"#Indivisible  #TheResistance 
#PA #VA  #TX #MS #LA #FL #GA #SC #NC #MI #MN #ME #OH #KY #TN #AZ #NV #CA #WA #CO #OK #MO #WY #SD #ND #IL #NJ #NY #Women #GOPWomen #Indie #Dems #Students #Millennials #BLM #Asian #Latinos #VetsResist #LGBT  #TakeBackAmerica #Str8BlueTicket ï¿½ï¿½ï¿½ï¿½ï¿½ï¿½ï¿½ï¿½ï¿½ï¿½ï¿½ï¿½ï¿½ï",0,0,0,-1,1.12E+18,https://twitter.com/twistertitr/status/1122990198785236997,28201999,2019-04-29 22:25:02+00:00,Mon Apr 29 22:25:02 +0000 2019,,#Indivisible #TheResistance #PA #VA #TX #MS #LA #FL #GA #SC #NC #MI #MN #ME #OH #KY #TN #AZ #NV #CA #WA #CO #OK #MO #WY #SD #ND #IL #NJ #NY #Women #GOPWomen #Indie #Dems #Students #Millennials #BLM #Asian #Latinos #VetsResist #LGBT #TakeBackAmerica #Str8BlueTicket #FF,https://t.co/vFLARxb2FD,#blm,4/29/2019
1303,7996,jvpnewhaven,,Weï¿½ï¿½ï¿½ï¿½ï¿½ï¿½ï¿½ï¿½ï¿½re marching in #Hamden for #JusticeforStephanieandPaul #BlackLivesMatter #BLM,0,2,5,-1,1.12E+18,https://twitter.com/jvpnewhaven/status/1119380596583796736,2559949004,2019-04-19 23:21:45+00:00,Fri Apr 19 23:21:45 +0000 2019,,#Hamden #JusticeforStephanieandPaul #BlackLivesMatter #BLM,,#blm,4/19/2019
24753,104082,GriffKohout,GriffKohout,"@nessnitty @Kaepernick7 @yourrightscamp #act of #public #peaceful #protest is about #creating #AWARENESS in #society, helping #humans get #woke to #social #injustice yo!!

#shouts to #Kaepernick #EricReid !!!!

#imwithKap!!

#evolve, #NFL &amp; #USA !!!

#poetry #blacklivesmatter #blm #resist #gcao

https://t.co/NbjNYHoE9U",0,1,1,-1,1.17E+18,https://twitter.com/GriffKohout/status/1165315979112378368,195970177,2019-08-24 17:32:34+00:00,Sat Aug 24 17:32:34 +0000 2019,nessnitty Kaepernick7 yourrightscamp,#act #public #peaceful #protest #creating #AWARENESS #society #humans #woke #social #injustice #shouts #Kaepernick #EricReid #imwithKap #evolve #NFL #USA #poetry #blacklivesmatter #blm #resist #gcao,https://t.co/NbjNYHoE9U,#blm,8/24/2019
9550,39599,IssuesUSASPAC,,Support #BlackLivesMatter #BlackTwitter #ICantBreathe #BLM #Ferguson #AllLivesMatter #SayHerName #BlueLivesMatter https://t.co/xz89LfE96F,1,0,0,-1,1.14E+18,https://twitter.com/IssuesUSASPAC/status/1135804481550110721,3039817185,2019-06-04 07:04:25+00:00,Tue Jun 04 07:04:25 +0000 2019,,#BlackLivesMatter #BlackTwitter #ICantBreathe #BLM #Ferguson #AllLivesMatter #SayHerName #BlueLivesMatter,https://t.co/xz89LfE96F,#blm,6/4/2019
23559,100117,KathiInCali,CraigRozniecki,@CraigRozniecki He already added #BLM to the list.ï¿½ï,0,0,0,-1,1.16E+18,https://twitter.com/KathiInCali/status/1162770210174070785,602509507,2019-08-17 16:56:35+00:00,Sat Aug 17 16:56:35 +0000 2019,CraigRozniecki,#BLM,,#blm,8/17/2019
9206,39253,christraynor,,"1 out of 5

1/5 = 20%

20% of Americaï¿½ï¿½ï¿½ï¿½ï¿½ï¿½ï¿½ï¿½ï¿½s cops have racist and/or violent leanings or worse.

If one bad apple can spoil a whole bunch, how many innocent black people will die from a shitload of bad apples? 

ANSWER  =  MULTIPLE  SHITLOADS OF  BLACK  PEOPLE!

#BLM #Racism #BadCops",-1,0,1,-1,1.14E+18,https://twitter.com/christraynor/status/1135090635982168064,19132899,2019-06-02 07:47:51+00:00,Sun Jun 02 07:47:51 +0000 2019,,#BLM #Racism #BadCops,https://t.co/zQjuQHEBRs,#blm,6/2/2019
12514,53765,sharon_elle,,Hello people w/authority. #BLM needs investigation &amp; oversight..@SenJeffMerkley .@RonWyden .@repblumenauer .@RepPeterDeFazio .@repgregwalden .@RepBonamici .@RepSchrader .@RepPeterDeFazio .@OregonGovBrown .@Oregonian .@capitalpress .@Salem_Statesman .@ThePortlandTrib https://t.co/yldFlae0IK,0,0,0,-1,1.14E+18,https://twitter.com/sharon_elle/status/1141484787636428800,16517339,2019-06-19 23:15:55+00:00,Wed Jun 19 23:15:55 +0000 2019,SenJeffMerkley RonWyden repblumenauer RepPeterDeFazio repgregwalden RepBonamici RepSchrader RepPeterDeFazio OregonGovBrown Oregonian capitalpress Salem_Statesman ThePortlandTrib,#BLM,https://t.co/yldFlae0IK,#blm,6/19/2019
23870,100429,konqueso26,konqueso26,#BLM #inequality #BlackLivesMatter,0,0,0,-1,1.16E+18,https://twitter.com/konqueso26/status/1163484960033890304,3190705813,2019-08-19 16:16:45+00:00,Mon Aug 19 16:16:45 +0000 2019,,#BLM #inequality #BlackLivesMatter,,#blm,8/19/2019
1835,8538,DrLindaShelton,,Take the planet or plastic pledge on #EarthDay #FlipTheSenate 2020 #AARP #BLM #veterans #p2 #1u #Millennials #METOO #MarchForOurLives #DACA #TeaParty #LGBTQ #Latinx #indigenous DENOUNCE Lies &amp; Hate NO to 3rd parties #VoteBlueNoMatterWhat Decency https://t.co/OIrduDgtwB,0,0,0,-1,1.12E+18,https://twitter.com/DrLindaShelton/status/1120430844185927681,44983352,2019-04-22 20:55:04+00:00,Mon Apr 22 20:55:04 +0000 2019,,#EarthDay #FlipTheSenate #AARP #BLM #veterans #p2 #1u #Millennials #METOO #MarchForOurLives #DACA #TeaParty #LGBTQ #Latinx #indigenous #VoteBlueNoMatterWhat,https://t.co/OIrduDgtwB,#blm,4/22/2019
16951,73919,GeorgeSoniak,,#MedicareForAll #FightFor15 #tytlive #BernieSanders #AOC #AOC2019 #GreenNewDeal #CancelStudentDebt #AbolishICE #BLM #Bernie2020 #Democrats #TulsiGabbard #Tulsi2020 @AOC @jimmy_dore #Progressive #Medicare4All #CabanForQueens @CabanForQueens #DemocraticSocialism @davidsirota https://t.co/sCOOAdqhnp,0,0,1,-1,1.15E+18,https://twitter.com/GeorgeSoniak/status/1150215063200047104,4896259756,2019-07-14 01:26:55+00:00,Sun Jul 14 01:26:55 +0000 2019,AOC jimmy_dore cabanforqueens davidsirota,#MedicareForAll #FightFor15 #tytlive #BernieSanders #AOC #AOC2019 #GreenNewDeal #CancelStudentDebt #AbolishICE #BLM #Bernie2020 #Democrats #TulsiGabbard #Tulsi2020 #Progressive #Medicare4All #CabanForQueens #DemocraticSocialism,https://t.co/sCOOAdqhnp,#blm,7/14/2019
31198,135153,fran_b__,,"Very much so. He was Reaganï¿½ï¿½ï¿½ï¿½ï¿½ï¿½ï¿½ï¿½ï¿½s point man in the mass murder of the #MOVE commune led by #JohnAfrica in May of 1985, destroying a large swathe of a city block with incendiaries. #BLM https://t.co/8dY3s2Xfeg",-1,1,4,-1,1.18E+18,https://twitter.com/fran_b__/status/1182843037531009024,48673284,2019-10-12 02:18:50+00:00,Sat Oct 12 02:18:50 +0000 2019,,#MOVE #JohnAfrica #BLM,https://t.co/8dY3s2Xfeg https://t.co/ub0yaIdqnS,#blm,10/12/2019
19703,84579,Xpressionable,,"This fool had the nerve to stand on stage, in front of a Mic &amp; talk about accepting others regardless if they come from other places &amp; have hard struggles.. now, listen to him talk about them ..who the hell believed him? Those who voted for him
#Trumpisarat #WeAreBaltimore #BLM https://t.co/GMXvNdfGvy",-1,0,0,-1,1.16E+18,https://twitter.com/Xpressionable/status/1155552056964501505,532291506,2019-07-28 18:54:14+00:00,Sun Jul 28 18:54:14 +0000 2019,,#Trumpisarat #WeAreBaltimore #BLM,,#blm,7/28/2019
7114,29806,twistertitr,,"#Indivisible  #TheResistance 
#PA #VA  #TX #MS #LA #FL #GA #SC #NC #MN #MI #ME #OH #KY #TN #AZ #NV #CA #WA #CO #OK #MO #WY #SD #ND #IL #NJ #NY #Women #GOPWomen #Indie #Dems #Students #Millennials #BLM #Asian #Latinos #Vets #LGBT  #TakeBackAmerica #Str8BlueTicket ï¿½ï¿½ï¿½ï¿½ï¿½ï¿½ï¿½ï¿½ï¿½ï¿½ï¿½ï¿½ï¿½ï",0,0,0,-1,1.13E+18,https://twitter.com/twistertitr/status/1131002908475109377,28201999,2019-05-22 01:04:41+00:00,Wed May 22 01:04:41 +0000 2019,,#Indivisible #TheResistance #PA #VA #TX #MS #LA #FL #GA #SC #NC #MN #MI #ME #OH #KY #TN #AZ #NV #CA #WA #CO #OK #MO #WY #SD #ND #IL #NJ #NY #Women #GOPWomen #Indie #Dems #Students #Millennials #BLM #Asian #Latinos #Vets #LGBT #TakeBackAmerica #Str8BlueTicket #FF,https://t.co/9SwFiMbTVv,#blm,5/22/2019
2964,12921,BLM_Report,,"Community Activists Have Had Enough of ï¿½ï¿½ï¿½ï¿½ï¿½ï¿½ï¿½ï¿½ï¿½Flint Fatigue,ï¿½ï¿½ï¿½ï¿½ï¿½ï¿½ï¿½ï¿½ï¿½ Stage Protest at Michigan State Capitol on Fifth Anniversary: https://t.co/2r73wzGNs1 #BLM #b",0,0,0,-1,1.12E+18,https://twitter.com/BLM_Report/status/1123004622203957253,7.78E+17,2019-04-29 23:22:21+00:00,Mon Apr 29 23:22:21 +0000 2019,,#BLM #blacklivesmatter #BLMNews,https://t.co/2r73wzGNs1,#blm,4/29/2019
14150,62824,tiffmc1013,ReginaA1981,"@ReginaA1981 They're the same ones that always have #BLM in their bios. They can talk about it, they just can't be about it.",0,0,4,-1,1.14E+18,https://twitter.com/tiffmc1013/status/1144649332722814976,23782099,2019-06-28 16:50:42+00:00,Fri Jun 28 16:50:42 +0000 2019,ReginaA1981,#BLM,,#blm,6/28/2019
13995,59257,neuenegro,neuenegro,"Julian asked about being the only Latinx candidate pivots to #BLM issues to show solidarity, build a larger support bloc. I'm impressed by the framing #DemDebate",0,0,3,-1,1.14E+18,https://twitter.com/neuenegro/status/1144071950010109952,252621417,2019-06-27 02:36:23+00:00,Thu Jun 27 02:36:23 +0000 2019,,#BLM #DemDebate,,#blm,6/27/2019
33372,146108,MissionaryBLMM,,"ýýýUsing Black Women? @facebook @facebookceo1 @facebook @amazon @amprog @NMSDC @wikipedia @DNC @actblue @aspenideas @TheAtlantic 
ALL USED THREE (3) BLACK WOMEN AS PROPS!
ýýýýýýýýýýýýýýýý #NotMyCoFoundersýýýýýýýýýýýý
@FBI ýýýýDON' KNOW 'EM~NEVER MET 'EM...
ýýýý #BLMýý Piracy
https://t.co/UOCBkbig1I",-1,0,0,-1,1.19E+18,https://twitter.com/MissionaryBLMM/status/1189490725974659073,7.53E+17,2019-10-30 10:34:23+00:00,Wed Oct 30 10:34:23 +0000 2019,Facebook facebookceo1 Facebook amazon amprog NMSDC Wikipedia DNC actblue aspenideas TheAtlantic FBI,#NotMyCoFounders #BLM,https://t.co/UOCBkbig1I,#blm,10/30/2019
352,3067,anthonykpardi,,Black Lives Donï¿½ï¿½ï¿½ï¿½ï¿½ï¿½ï¿½ï¿½ï¿½t Matter ï¿½ï¿½ï¿½ï¿½ï¿½ï¿½ï¿½ï¿½ï¿½ï¿½ï¿½ï¿½ #ethos #blm #blacklivesmatter #blacklivesdontmatter #doblacklivesmatter #alllivesmatter #whitesupremacy #systemicracism #,-1,0,0,-1,1.12E+18,https://twitter.com/anthonykpardi/status/1117472700497371136,1.00E+18,2019-04-14 17:00:28+00:00,Sun Apr 14 17:00:28 +0000 2019,,#ethos #blm #blacklivesmatter #blacklivesdontmatter #doblacklivesmatter #alllivesmatter #whitesupremacy #systemicracism #oppression #control #violence,https://t.co/XlEZNmou6s,#blm,4/14/2019
6842,29533,NASPAvpd,,"Watched #TheHateUGive on plane 2 #SanFrancisco. Wow, Powerful. Encourage #SAPro educators 2 watch this movie &amp; #listen. Ripe 4 well-crafted #SA programming. Disrupting #racism, seeking #justice, being an #ally to #BLM. If u haven't watched the movie or read the book, don't wait",1,0,1,-1,1.13E+18,https://twitter.com/NASPAvpd/status/1130293471120580608,62314601,2019-05-20 02:05:38+00:00,Mon May 20 02:05:38 +0000 2019,,#TheHateUGive #SanFrancisco #SAPro #listen #SA #racism #justice #ally #BLM,,#blm,5/20/2019
6975,29667,MelanolaOrg,,"Who do you Love and Why? 
#blackowned #blackownedbusiness #blackbusiness #blackgirlmagic #blackexcellence #supportblackbusiness #melanin #buyblack #blackhistory
#poc #woc #equality #latinx #diversity #blackwomen #community #pocsports #blm https://t.co/stlnQtPOK2",0,1,0,-1,1.13E+18,https://twitter.com/MelanolaOrg/status/1130888078250455040,1.12E+18,2019-05-21 17:28:23+00:00,Tue May 21 17:28:23 +0000 2019,,#blackowned #blackownedbusiness #blackbusiness #blackgirlmagic #blackexcellence #supportblackbusiness #melanin #buyblack #blackhistory #poc #woc #equality #latinx #diversity #blackwomen #community #pocsports #blm,,#blm,5/21/2019
12562,53815,ShomanWright,,#TheDecade #RacialEquality #SocialJustice #EconomicJustice #BLM #TheDecade https://t.co/9xWEOWsyJz,0,0,0,-1,1.14E+18,https://twitter.com/ShomanWright/status/1141523839190478848,1968580922,2019-06-20 01:51:06+00:00,Thu Jun 20 01:51:06 +0000 2019,,#TheDecade #RacialEquality #SocialJustice #EconomicJustice #BLM #TheDecade,https://t.co/9xWEOWsyJz,#blm,6/20/2019
5532,24381,Kane007,,A Timeline Of Unarmed Black People Killed By Police Over Past Year https://t.co/mE1KqXDFKO #BLM #EndTheViolence,-1,0,0,-1,1.13E+18,https://twitter.com/Kane007/status/1128332902914240519,19182456,2019-05-14 16:15:02+00:00,Tue May 14 16:15:02 +0000 2019,,#BLM #EndTheViolence,https://t.co/mE1KqXDFKO,#blm,5/14/2019
2595,12550,countzpr,,"This Documentary Focuses On NBA Star Reggie Bullockï¿½ï¿½ï¿½ï¿½ï¿½ï¿½ï¿½ï¿½ï¿½s LGBTQ Activism After The Death Of His Transgender Sister

https://t.co/mot5RWs6He
#reggiebullock #nba #miahenderson #gaycommunity #lgbtq #blm #bisexual #transgender #blacktwitter #blac",0,0,0,-1,1.12E+18,https://twitter.com/countzpr/status/1122127051182477313,455264543,2019-04-27 13:15:11+00:00,Sat Apr 27 13:15:11 +0000 2019,,#reggiebullock #nba #miahenderson #gaycommunity #lgbtq #blm #bisexual #transgender #blacktwitter #blackculture #blackhollywood,https://t.co/mot5RWs6He,#blm,4/27/2019
9040,39085,mightymic,,"#BlackLivesMatter Month starts today in Berlin! 
Follow the Black Lives Matter Berlin page for updates and have a look at the program here: https://t.co/WVfW8RAGXZ
The #BLM Cal will be updated... https://t.co/XF3D5UFeAP",1,0,0,-1,1.13E+18,https://twitter.com/mightymic/status/1134752039244840961,15034287,2019-06-01 09:22:23+00:00,Sat Jun 01 09:22:23 +0000 2019,,#BlackLivesMatter #BLM,https://t.co/WVfW8RAGXZ https://t.co/XF3D5UFeAP,#blm,6/1/2019
27100,112031,ErickAndre4Real,rwdavis22461,@rwdavis22461 @Safid_Deen There were plenty of unarmed black folks who would love even a chance at life that were gunned down by police. Plenty of black and POC that would love a chance to even live in a world where we don't experience racism....Thought you should know WHY he's kneeling. #BLMï¿½ï¿½ï¿½ï¿½ï¿½ï¿½ï,-1,0,0,-1,1.17E+18,https://twitter.com/ErickAndre4Real/status/1171090185267949569,79674053,2019-09-09 15:57:12+00:00,Mon Sep 09 15:57:12 +0000 2019,rwdavis22461 Safid_Deen,#BLM,,#blm,9/9/2019
590,3306,GirlBeret,jeslllll,"@jeslllll @Dezi51201780 @taahira_k ï¿½ï¿½ï¿½ï¿½ï¿½ï¿½ï¿½ï¿½ï¿½You are obsessed with race.ï¿½ï¿½ï¿½ï¿½ï¿½ï¿½ï¿½ï¿½ï¿½

Only a white person could say this. 

Only a white person has the privilege of deciding whether or not to think about race. 

This",-1,1,3,-1,1.12E+18,https://twitter.com/GirlBeret/status/1118133722149216256,1.10E+18,2019-04-16 12:47:07+00:00,Tue Apr 16 12:47:07 +0000 2019,jeslllll taahira_k,#WhitePrivilege #maga #racism #blm,,#blm,4/16/2019
788,3505,OneMillionHouse,,"#Morestrength2Uï¿½ï¿½ï¿½ï¿½ï¿½ï¿½ï¿½ï¿½ï¿½ï¿½ï¿½ï¿½ï¿½ï¿½ï¿½ï¿½ï¿½ï¿½ï¿½ï¿½ï¿½ï¿½ï¿½ï¿½

#UnityisourMIGHT! #TreeUNITY 
https://t.co/Vq4o5DIhaK
#BLM #Blacks #Afr",0,0,0,-1,1.12E+18,https://twitter.com/OneMillionHouse/status/1118311036820574210,2389525741,2019-04-17 00:31:43+00:00,Wed Apr 17 00:31:43 +0000 2019,,#Morestrength2U #UnityisourMIGHT #TreeUNITY #BLM #Blacks #Africans #Alkebulans #Caribbeans #Umoja,https://t.co/Vq4o5DIhaK https://t.co/C3tU7Cv7Vy,#blm,4/17/2019
30171,125013,MichaelLetwin,,"#400Years #BLM #Elaine1919: By dayï¿½ï¿½ï¿½ï¿½ï¿½ï¿½ï¿½ï¿½ï¿½s end, countless black women, men and children had been slaughtered.",-1,0,0,-1,1.18E+18,https://twitter.com/MichaelLetwin/status/1179219822422433792,805241702,2019-10-02 02:21:29+00:00,Wed Oct 02 02:21:29 +0000 2019,,#400Years #BLM #Elaine1919,https://t.co/6UskwxDvoK,#blm,10/2/2019
32814,142610,timbeaux,,"Followers, where did you first see #BLM? Cuz for me it definitely wasn't Facebook. https://t.co/VPjBUXi3MV",0,0,0,-1,1.19E+18,https://twitter.com/timbeaux/status/1187399671922061312,1442300017,2019-10-24 16:05:17+00:00,Thu Oct 24 16:05:17 +0000 2019,,#BLM,https://t.co/VPjBUXi3MV,#blm,10/24/2019
17784,74762,BLM_Report,,R. Kelly Denied Bond After Prosecutors Say Heï¿½ï¿½ï¿½ï¿½ï¿½ï¿½ï¿½ï¿½ï¿½s Still a Danger To Young Girls: https://t.co/jfuHXYS4WX #BLM #blacklivesmatter #BLMNews,0,0,0,-1,1.15E+18,https://twitter.com/BLM_Report/status/1151557727237353477,7.78E+17,2019-07-17 18:22:11+00:00,Wed Jul 17 18:22:11 +0000 2019,,#BLM #blacklivesmatter #BLMNews,https://t.co/jfuHXYS4WX,#blm,7/17/2019
11252,52486,Flicksterific,,"#Shero 
 #VOID2016Election #Unhackthevote #FreePress #FuckingMORON #BLM #MAGAts #Enough #KochSuckers #ERANOW #GOPTraitors #LegalizeIt #FireHannity #FucxandFiends #MikhailLesin #Putin #JPing #Un #Erdogan #Assad #Duterte #MBS  @realDonaldTrump
#Proctolaquists blocked https://t.co/9lP4GPO0db",0,0,0,-1,1.14E+18,https://twitter.com/Flicksterific/status/1139338148457017344,26077011,2019-06-14 01:05:57+00:00,Fri Jun 14 01:05:57 +0000 2019,realDonaldTrump,#Shero #VOID2016Election #Unhackthevote #FreePress #FuckingMORON #BLM #MAGAts #Enough #KochSuckers #ERANOW #GOPTraitors #LegalizeIt #FireHannity #FucxandFiends #MikhailLesin #Putin #JPing #Un #Erdogan #Assad #Duterte #MBS #Proctolaquists,https://t.co/9lP4GPO0db,#blm,6/14/2019
15651,68061,BHM_Pirate,,"More good than bad in than anywhere, where would we be without the red, white and blue? #FourthofJuly #Kaepernick @Nike #Nike #AMJoy #BlackTwitter #BLM #BuzzFeed #CNN #DailyBeast #Democrat #Family #HuffPost #LGBTQ  #MSNBC #MAGA #NowThis #NPR #TeenVogue #TheRoot #TYT https://t.co/2lomqgk7Bn",0,1,1,-1,1.15E+18,https://twitter.com/BHM_Pirate/status/1147558186116931584,591589116,2019-07-06 17:29:26+00:00,Sat Jul 06 17:29:26 +0000 2019,Nike,#FourthofJuly #Kaepernick #Nike #AMJoy #BlackTwitter #BLM #BuzzFeed #CNN #DailyBeast #Democrat #Family #HuffPost #LGBTQ #MSNBC #MAGA #NowThis #NPR #TeenVogue #TheRoot #TYT,,#blm,7/6/2019
18799,79648,HereticalM,,"Heretical Methodist Ministries does not take the ï¿½ï¿½ï¿½ï¿½ï¿½ï¿½ï¿½ï¿½ï¿½I donï¿½ï¿½ï¿½ï¿½ï¿½ï¿½ï¿½ï¿½ï¿½t see colorï¿½ï¿½ï¿½ï¿½ï¿½ï¿½ï¿½ï¿½ï¿½ stance. We very much see color and race. If we do not recognize ones blackness or brownness",-1,1,1,-1,1.15E+18,https://twitter.com/HereticalM/status/1153181594607378433,1.14E+18,2019-07-22 05:54:51+00:00,Mon Jul 22 05:54:51 +0000 2019,,#HMM #Awakeninghearts #BLM,,#blm,7/22/2019
22118,94684,SashaJt_,,I just wonder if the black people who side with Trump just need attention? Or they just want to go against their own to be seen as having their own mind? Because the things being said is out of control. Itï¿½ï¿½ï¿½ï¿½ï¿½ï¿½ï¿½ï¿½ï¿½s hard to digest. Unbelievable!,-1,0,0,-1,1.16E+18,https://twitter.com/SashaJt_/status/1159834817141231616,168268296,2019-08-09 14:32:23+00:00,Fri Aug 09 14:32:23 +0000 2019,,#blm #ImpeachNow #trump,,#blm,8/9/2019
1614,8311,OneMillionHouse,,"#RacialHypocrisy...
#OneRule4OneOneRule4Another
https://t.co/UHRckQptRp
#Blackpound #TheBlackpound
#Black #Pound 
#TheBlackpoundman #Blackpoundman
#BLM #Blackpeople 
#1MH #Afrikans
#Umoja 
#WAD_TBPMï¿½ï¿½ï¿½ï¿½ï¿½ï¿½ï¿½ï¿½ï¿½ï¿½ï",0,1,1,-1,1.12E+18,https://twitter.com/OneMillionHouse/status/1119992457020813312,2389525741,2019-04-21 15:53:04+00:00,Sun Apr 21 15:53:04 +0000 2019,,#RacialHypocrisy #OneRule4OneOneRule4Another #Blackpound #TheBlackpound #Black #Pound #TheBlackpoundman #Blackpoundman #BLM #Blackpeople #1MH #Afrikans #Umoja #WAD_TBPM,https://t.co/UHRckQptRp https://t.co/LRooz5FA2x,#blm,4/21/2019
